Nama	Judul_Film	Tahun_Tayang
Lauren Rodriguez	hold	1993
Derek Carter	win	1997
Joshua Lee	cup	2001
Michael Gaines	upon	1997
Elizabeth Griffin	box	1984
Christopher Watson	all	2019
Eric Olson	toward	2004
Ashley Gordon	to	2001
Joseph Harris	somebody	2023
Debbie Dixon	politics	2009
Sarah Edwards	hour	2014
Daniel Clark	peace	2021
Diana Smith	operation	1983
Christopher Carr	writer	2014
Anita Wong	garden	2015
Leah Hayes	television	1982
Anna Hernandez	form	2011
Robert Nielsen	rate	1977
Mr. Lawrence Jackson	reflect	1977
Jennifer Smith	traditional	1997
Philip Garcia	seven	2008
Jenna Preston	third	1981
Casey Suarez	key	1984
Angela Tucker	man	1998
Nicholas Carter	away	1994
David Calderon	similar	1998
Jennifer Serrano	young	2016
Timothy Wise	green	2016
Marissa Reid	among	1999
Tracy Blankenship	big	1983
Andrew Wright	process	1991
Jose Spencer	indeed	1999
Stephanie Smith	role	1998
Misty Taylor	doctor	1979
Isabella Schroeder	white	2003
Paul Ramirez	book	2018
Dr. Tricia Mathis	current	1992
Joseph Newton	brother	2023
James Adams	know	2003
Dr. Audrey Fuentes	expect	1996
Dennis Barnett	head	1997
Amanda Kelly	event	1979
Matthew Roman	real	1995
Sarah Maxwell	traditional	2001
Ryan Higgins	factor	1989
Chelsea Brown	save	2019
Ms. Belinda Mills MD	wait	1972
Crystal Becker	play	2008
Todd Knapp	fly	1993
Janet Rangel	very	1974
Karen Simpson	behind	1976
Roberto Sanders	method	2008
Daniel Robinson	surface	2019
Kelly Murphy	quickly	2019
Robert Gomez	able	1976
Aaron Joseph	piece	2011
Hannah Nelson	environmental	2001
Joy Lopez	professional	1970
Hannah Poole	yard	2012
Lisa Romero	fear	2008
Melissa Joseph	special	1983
Jennifer Holmes	life	1990
Mark Weiss	buy	1996
Corey Bowers	suggest	1972
Mrs. Kim Allen	past	1981
Rebecca Sweeney	few	1986
Joshua Robinson	participant	1986
Christine Howard	artist	2003
Michael Hughes	as	2012
Kara Mclaughlin	hundred	1971
Sara Larson	base	1996
Eric Fisher	certainly	2023
Monica Lee	during	2020
Gabriel Dunlap	religious	2006
John Washington	kid	1987
Deborah Gomez	story	2003
Diane Gonzalez	check	2009
Anthony Dunn	course	2004
Stephanie Frye	kid	2017
Ronald Johnston	certainly	1974
Shelly Sanders	rule	2007
Ashley Lee	southern	2017
Katie White	student	2015
Andrea Valencia	chair	1973
Victoria Clarke	seat	1991
William Garrett	cover	2003
Steven Phillips	shoulder	1988
Tyler Ramos	hour	2015
Steven Adams	share	2023
Riley Larson	a	1975
John Rogers	risk	1977
Robert Garza	of	2001
Beverly Jackson	artist	1991
Denise Morales	song	1988
Peggy Miller	size	2021
Susan Gonzalez	no	1981
Travis House	mother	2010
Zachary Grimes	policy	1977
Alexandra Johnson	off	2010
Michael Herrera	upon	1996
Kimberly Mueller	any	2015
Richard Morse	image	1972
Elizabeth Stevens	turn	1984
Michael Stevenson	begin	1994
Leonard Jones	piece	2005
Darren Mendoza	rest	2021
Shawn Clark III	attorney	2016
Terry White	yet	1994
Linda Carter	wide	2000
Jennifer Gonzalez	treatment	1980
Amy Crawford	mission	1975
Lauren Sims DVM	use	1977
Crystal Hicks	court	1974
Adam Rice	likely	2008
Maria Griffith	month	1981
Chad Hill	whom	1976
Hunter Moore	imagine	1997
Mary Roberts	theory	2011
Joshua Rivera	happen	2011
David Lucas	bit	1987
Thomas Warner	hard	1992
Daniel Young	soldier	1979
Corey Liu	mention	2014
Beth Black	note	2018
Stephen Martinez	north	2009
Sierra Allen	build	1977
Sara Mcdonald	box	1986
Adam Sosa	myself	1970
Lindsey Vang DDS	to	1996
Cheryl Giles	perhaps	1984
Betty Scott	experience	1995
Shaun Reid	whose	1971
Brian Singleton	itself	2005
Erin Brown PhD	defense	1979
Michael Guzman	develop	2002
Charlene Johnson	project	2012
Richard Clark	else	1999
Kenneth Allen	trial	2006
Timothy Nicholson	morning	2006
Patrick Hill	his	1999
Teresa Vasquez	performance	2021
Kristin Williams	character	2019
Alicia Kane	wear	2023
Sierra Clark	the	2014
Margaret Carroll	push	1980
Mark Hutchinson	human	2018
Sean Cuevas	meeting	1985
Heidi Henderson	push	1992
Craig Flores	operation	1990
Christina Lewis	tough	1980
Anthony Newton	standard	1989
Benjamin Roach	hope	2001
Robert Green	yard	2013
Kyle Wilson	reason	2018
Aaron Orr	point	1985
Kendra Lawrence	old	1972
Kelly Bolton	million	1970
William Mitchell	let	2021
Tonya Cortez	area	1983
Nicole Black	safe	1994
Caroline Freeman	act	1983
Sara Oliver	front	2008
Tyler Vasquez	score	1973
Jason Nelson	be	1981
Amy Parker	small	2018
Shane Young	book	1975
Joseph Jimenez	protect	2006
Brent Saunders	quickly	1977
Mary Allen	each	1986
Charles Williams	decide	2002
Wendy Caldwell	understand	2012
Daniel Strickland	public	2018
Dr. Kristy Wallace	himself	2007
Bryan Hudson	child	1978
Kyle Best	begin	2012
Dale Larson	training	1998
Megan Holmes	interest	2004
Travis Lewis	involve	1977
Randall Crawford	green	1985
Andrew Moore	stage	2022
Alexander Thompson	opportunity	1982
Bryan Lee	box	2003
Steven Burns	whether	1994
Christina Griffin	environmental	2012
April Yu	product	2018
Marc Stevens	argue	2000
Anthony Kaufman	word	1977
Elizabeth Hartman	describe	1995
Sheri Smith	onto	1988
Jeffrey Hood	ready	2015
Stacey Davis	suggest	2005
Dustin Flores	foot	2001
Shelby Gillespie	head	1979
Derek Robinson	agency	2016
Ann Dickerson	moment	1986
John Skinner	worker	1970
Jacob Collins	key	2000
Ashley Vance	build	1991
Desiree Crane	list	2022
Mark Caldwell	deal	2020
Amanda Ford	involve	2014
Garrett Rivera	industry	2013
Cynthia Vasquez	fish	1998
Marvin Williams	simply	1971
John Jones	blue	1982
Shannon Mclaughlin	would	1974
Joann Brown	drop	2003
Lindsay Oneill	here	1970
Shawn Thomas	others	1998
Charles Kirk	find	1994
Oscar Atkinson	arm	2013
Evan Brooks	range	1977
Lawrence Walker	pass	2004
Dennis Alvarez	beyond	2017
Joseph Allison	generation	1974
Pamela Mendez	parent	1994
Cameron Mendez	those	2016
Donna Torres	head	1996
Evan Cruz	few	1975
Nathan Banks	brother	2006
Brandy Gonzalez	single	2004
Michael Miller	new	1988
Christine Lester	ready	2016
Michelle Boyer	development	2015
John Rodriguez	form	1995
Mia Johnson	long	1985
Ryan Lopez	lose	2015
Ann Cross	only	2000
Kelly Yu	forward	1997
Daniel Holloway	analysis	1975
Amy Bauer	vote	2010
Vickie Reed	weight	2006
Melanie Robinson	customer	2006
Richard Brown	skill	1985
Rachel Walsh	realize	1975
Christopher Brady	arm	1979
Melissa Barry	church	1988
Robert Miller	drug	2013
James Oconnor	rise	2019
David Davis	agreement	1989
Sean Tapia Jr.	song	1973
Heather Carney	that	1991
Christine Diaz	call	2008
Thomas Edwards	question	1972
Danielle Cruz	foot	1991
Bradley Perez	measure	2007
Dennis Sandoval	project	2007
Carrie Francis	bank	1987
Kaitlin Rodgers DDS	which	2002
Francisco Baker	four	1993
Charles Jackson	audience	2006
John Wilson	go	2012
Christopher Hayes	least	2011
Thomas Reynolds	now	2011
Kevin Barker	tell	1993
Seth Harris	gas	2005
Julia Pittman	bag	1976
Carolyn Walsh	hour	1988
Billy Hurst	evidence	1975
James Cooley	recent	1979
Gregory Atkins	explain	1991
Christopher Davis	exist	1998
Walter Alvarez	stuff	2008
Kyle Garcia	account	2004
Kenneth Reynolds	speak	1975
Mr. Gregory Combs	happy	1996
Jerry Martin	green	1984
Sheila Ross	manage	2014
Dylan Graves	best	2022
Mackenzie Davis	head	1992
Donald White	character	2003
Mrs. Diana Gaines	watch	2006
William Ryan	trouble	1989
Stephanie Bradley	husband	1985
Christopher Orozco	skill	2017
Michael Johnson	see	1984
Jonathan Morris	forward	2016
Christopher Williams	choose	1973
Jose Murphy	next	1971
Caleb Lewis	could	2019
Andrew Walker	manage	1982
Nancy Jones	like	1984
Samantha Schneider	movie	1972
Bryan Washington	public	2023
Mr. Antonio Peck	describe	1977
Juan Daniels	start	2014
Daniel Brooks	break	1976
Shawn Simmons	detail	1987
Rick Stewart	commercial	1980
Sonya Miller	might	1996
Mary Allen	wait	2013
Mr. Darren Carroll	voice	1971
Aaron Taylor	general	1971
Lori Rodriguez	read	2013
April Castro	question	1994
Daniel Smith	whether	1991
Nicholas Patel	meeting	2008
Nathan Eaton	fight	1988
Austin Johnson	rock	2021
Stacy Patterson	amount	1975
Richard Cameron	allow	1991
Shannon Wright	though	1994
Nicole Davidson	professional	2005
Anthony Barker	real	2017
Michael Adams	off	2010
Angela Hartman	away	2012
Brian Jones	sport	1995
Amy Davis	painting	1986
Dorothy Brandt	future	2016
Melinda Noble	recently	2006
Kathleen Norris	without	1983
Ryan Gomez	main	2003
Dakota Curtis	director	1980
Michelle Dean	manage	1971
Janet Clay	deep	1998
Shannon James	forward	1997
Michael Martin	meet	1992
David Weber	international	2005
Frank Roberts	focus	2019
Mark Espinoza	law	1977
John Lambert	safe	1972
Joseph Hall	hotel	2002
Mary Ferguson	whole	1972
Mary Richardson	when	1972
James Clarke	enjoy	2012
Derrick Mason	actually	2016
Cheryl Smith	candidate	2011
David Campbell	would	1987
Kristin Acosta	value	1973
David Swanson	glass	1989
Julie Avery	finish	2017
Christopher Lester	wish	1977
Tiffany Hale	listen	2014
Timothy Smith	early	2004
Kathleen Kim	direction	1976
Ruth Ray	position	1990
Robert Thomas	believe	2008
Cameron Bolton	north	2006
Mary Tran	water	2018
Margaret Morgan	government	2002
Connie Riley	whose	1998
Melissa Molina	feeling	1975
Eric Vance	represent	1997
Kyle Bentley	tend	1979
Colleen Medina	upon	2002
Amber Allen	really	2003
Kenneth Hart	free	2017
James Bell	stage	1978
Raymond Steele	sense	2001
Charles Adams	east	1997
Ryan Harris	less	2007
Brandon Mcdowell	suddenly	2010
Jeffrey Roberts	whose	2021
John Chang	attorney	2004
Gina Jones	way	2010
Jason Callahan	number	2007
Samantha Jimenez	hair	1974
Nathan Kerr	final	2023
Erik Woods	list	1998
Ashley Lewis	last	2009
Mr. Mark Shepherd	site	1974
Catherine Hall	fund	1989
Erin Yates	year	2009
Dr. Joshua Christian	local	1996
Spencer Lee	star	1978
Tracy Hart	eye	2017
Kevin Myers	give	1999
Richard Frost	stage	1985
Olivia Gomez	person	2003
Rhonda Jones	yes	2009
Nathan Castro	not	1977
Kirk Lawrence	skill	1992
Carrie Warner	south	1992
Alvin Benson	move	1978
Mike Smith	whole	1974
Matthew Campbell	first	2011
Martin Johnson	beat	1973
Brandon Carlson	business	2016
Kenneth Johnson	character	1996
James Ramirez	none	1977
Matthew Richmond	blue	2005
Julia Howard	task	2012
Christopher Wilson	nearly	2018
James Wilson	off	2009
Mr. John Johnson	too	1999
Kayla Miller	maybe	2014
Penny Melendez	official	1999
Gary Nelson	fight	1985
Michael Garcia	deal	1973
Debra Smith	someone	1988
Shirley Kennedy	future	2020
Tamara Guerrero	Mrs	1979
Gabriel Bridges	body	1990
Kenneth Suarez	must	1999
Martha Wells	fall	1986
Mary Fernandez	account	1991
Alicia Kelley	here	1985
Alison Burke	spend	1995
Susan Wilkins	thought	1978
Lisa Smith	least	1970
Mark Reynolds	personal	1981
Sarah Juarez	close	1974
Danielle Gonzalez	will	2013
Jennifer Barrett	contain	2012
Marcus Hunt	exist	2015
Michael Rodriguez	day	2021
Terry Knox IV	woman	2022
Charlene Paul	both	1979
Tiffany Garcia	nice	2003
Johnny Williams	culture	1976
Jamie Reyes	effort	1979
Diana Harper	official	2005
Gary Zamora	ahead	1978
Larry Pennington	sea	1976
Bradley Carter	purpose	1997
Thomas Terry	stand	1999
Derrick Morales	language	1994
Michael Brown	west	1998
Jennifer Lin	improve	2020
Jennifer Miranda	law	2003
Sonya Johnson	either	2012
Joyce Pruitt	get	1986
Angela Blair	mention	1993
Samuel Case	likely	1996
Jordan Willis	administration	1975
Daniel Morgan	event	2005
Kathleen Berger	measure	1986
Tammy Snyder	behind	1980
Anthony Ross	activity	2005
Christie Graham	us	2002
Luke Calderon	system	2020
Shawn Horn	at	2000
James Owens	draw	1979
Eric Clark	ball	1999
Amanda Webb	energy	1981
Eric Nichols	lawyer	2020
Gregory Walker	show	2015
Anne Taylor	go	1999
Michelle Stanley	event	2007
Donald Bentley	age	2023
Matthew Brooks	it	2010
Jodi Dawson	require	1988
Angel Baker	yes	2015
Pamela Hughes	program	1972
Anita Gamble	care	1987
Deborah Bond	air	1980
Amber Collins	wait	2018
Isaiah Barnett	chair	1982
Nathan Floyd	strategy	1997
Matthew Gray	trouble	1989
Jacqueline Kelly	others	2015
John Scott DVM	six	2004
Kristen Williams	feel	2010
David Weber	which	1979
Kenneth Doyle	your	1991
Stephanie Delacruz	trial	2013
Teresa Mack	win	1999
Gina Williams	leg	1989
Debra Jacobson	face	2002
Kathleen Horn	visit	2009
Shelia Ayers	western	2019
Ricardo Mendoza	film	1997
Thomas Griffith	fine	1974
Peter Bailey	suggest	1986
Melissa Dixon	here	1984
Renee Garcia	responsibility	2016
Eric Hill	second	1994
Mary Ryan	too	1980
Cheryl Rogers	shake	1970
Lisa Simmons	they	1975
Mark Davis	class	2007
Stephanie Boyd	may	1985
David Cunningham	exactly	1983
Troy Reyes	suffer	2005
Casey Clarke	improve	2002
Aaron Bell	five	1974
James Miller	board	1992
Tammy Stanley	company	2014
Rachael Jones	explain	2011
Kevin Roberts	maintain	2012
Robert Pham	budget	1997
Cynthia Patel	kind	1997
Carol Lyons	turn	1986
Daniel Smith	seem	1976
Nicholas Howard	few	2005
Tiffany Butler	close	1987
Brenda Fernandez	top	1981
Jeffrey Boyer	message	2010
David Vazquez	actually	1978
Suzanne Preston	age	2011
Beverly Pugh	note	1992
Justin Stanton	parent	2001
Stephen Stephens	focus	2022
Karen Diaz	our	2014
Jamie Nash	computer	2013
Jessica Vega	treatment	1980
Douglas Long	pressure	1983
Angel Hatfield	work	1991
Kelsey Mcmillan	themselves	2012
Jennifer Long	fact	1977
Allen Martinez	game	2020
Regina Perez	soon	1972
Jeremy Schultz	direction	1993
Tami Cannon	happen	1982
Sarah Bullock	I	1998
Olivia Griffin	force	1988
Sharon Fisher	sell	2017
Susan Harris	wish	2008
Heather Bryant	control	1981
Rebekah Hicks	heart	1996
Linda Riggs	thank	2017
Frank Martinez	ever	1997
Robin Koch	fact	1974
Allison Smith	manage	2007
Adam Richards	three	1992
Christopher James	tree	2008
Glenn Adams	dog	1984
Pamela Nguyen	person	2008
Bethany Torres	cold	2014
Amy Simpson	surface	1991
Jacob Hamilton	hand	2011
Jeffrey Rodriguez	allow	2020
Rachel Thomas	father	1987
Keith Williams	also	1998
John Schneider	available	1984
Kevin Craig	fine	2011
Lisa Wright	air	2009
Monica Alexander	office	1992
Daniel Edwards	theory	1986
Jessica Allen	pay	1981
Vincent Cooper	might	1986
Adam Vasquez	power	1992
Mary Hampton	provide	1984
James Farmer	determine	2009
Christopher Salinas	not	1987
Donald White	ok	2002
Andrew Perry	resource	2014
Meredith Blankenship	shoulder	2008
Melissa Gill	result	2020
Carla Torres	plant	1997
Kim Kennedy MD	TV	1994
Catherine Kidd	result	2009
Sandra Underwood	thank	2011
Kevin Anderson	laugh	2000
Aaron Schultz	significant	1972
David Boone	window	2013
Leslie Moody	Democrat	2008
Jordan Green	partner	2007
Vincent Hahn	or	2007
Michael Lester	sign	2017
Luis Lamb II	add	2002
Jeffrey Herrera	against	1985
Anthony Clark	us	2014
Ashlee Riley	some	1978
Mark Hall	campaign	1984
Tommy Thomas	surface	2011
David Herrera	various	2022
Jonathan Clark	letter	2022
Eric Romero	real	2017
Timothy White	deep	2018
Rickey Gardner	for	2017
Gregory Singleton	paper	1997
Zachary Watson	cell	2020
Kevin Sherman	age	2021
Stephanie Adams	environment	2002
Kelsey Wells	if	1997
Ernest Thomas	responsibility	1971
Javier Roberts	hotel	2002
April Williams	significant	2003
Elizabeth Ruiz DVM	group	1991
Michael Oneal	anything	1996
Christian Anderson	memory	1990
Isaac Contreras	child	1984
Karen Gonzales	then	2017
Richard French	front	2012
David Nash	same	1970
Ana Fisher	majority	1972
Mr. Michael Hubbard	international	1991
Melissa Manning	prevent	2012
Kathryn Rice	top	1975
Julie Delgado	record	1992
Harold Moreno	stock	1974
James Joseph	movement	1978
James Melton	and	1984
Erik Whitaker	single	1985
Vanessa Crawford	among	1984
Crystal Ochoa MD	herself	1976
Miranda Fox	town	1971
Charles Cummings	media	2000
Todd Fuller	better	2010
Richard Smith	reflect	1992
Sherry Miller	gun	1973
Alison Kelly	certainly	2022
David Johnson	yourself	2017
Steven Villegas	there	1981
Denise Lee	almost	1978
Erin Edwards	yard	2015
Paul Anderson	blue	1982
Karen Long	benefit	1983
George Green	know	1976
Kristin Ramos	marriage	1979
Kayla Kemp	western	1989
Anne Brown	ever	1972
Craig Vargas	modern	1982
Drew Mcdonald	character	2015
Katherine Stevens PhD	politics	2023
Donna Davis	staff	2022
Thomas Mccann	away	1981
Barry Martinez	measure	1989
Cynthia Middleton	since	2018
Louis Pierce	herself	2011
Tracy Jones	middle	1998
Mark Jones	will	2013
Johnny Clark	finally	1984
Ryan Blair	use	1988
Adam Pratt	partner	1992
Ryan Jones	decide	1994
Rebecca Rivera	member	1979
Nathan Thompson	within	1973
Megan Davis	happen	1985
Jared Knox	yet	1972
Jerry Klein	well	1980
Justin Allen	our	2011
James Hall	contain	2001
Sarah Wade	become	1995
Ryan Reeves	society	1991
Brittany Arroyo	policy	1990
Russell Martin	beyond	1999
Melissa Alexander	resource	2016
Kelly Finley	radio	2013
Jillian Hanna	positive	1997
Anthony Edwards	say	1997
Jared Nelson	discuss	2010
Eric Watkins	as	1991
Melissa Colon	thank	1994
Joshua Gray	role	1996
Travis Kennedy	catch	2002
Edward Murray	west	2011
Crystal Simmons	personal	2002
David Howell	mother	1984
Taylor Jones	less	2015
Regina Hall	body	1988
Maria Gomez	left	2011
David Shaw	then	1983
Diamond Freeman	whole	1983
Laura Meyer	until	1973
Dana Woodward	imagine	1998
Nicole Howard	see	1996
Katie Lopez	interview	2017
David Kerr	out	2000
Joseph Cooke	event	2017
Melissa Lawson	should	1984
Brittany Hughes	population	1979
William Romero	seat	1985
Veronica Sullivan	eat	2012
Vanessa Hernandez	worker	2018
Diana Green	newspaper	2016
Donna Davis	check	1992
Natalie Rodriguez	position	1971
Shannon Mata	early	2022
Monica Hernandez	painting	1976
Chad Molina	simply	1987
Debbie Allen	enough	2001
Michael Nichols	care	2013
Lori Long	no	1993
Leslie Salazar	push	1991
Lauren Mccarthy	benefit	2019
Melissa Fernandez	positive	1993
Denise Melton	win	1993
Brad Rodriguez	design	1979
Matthew Carlson	drive	2001
Joseph Anderson	section	1972
Mary Ibarra	specific	1994
Linda Garrett	cup	2020
David Murray	grow	1991
Samuel Perkins	reduce	1996
Sandra Davis	pattern	1975
Grant Bentley	show	2005
Michael Lopez	effect	1971
Austin Novak	your	2005
Aaron Chavez	bring	2011
John Simmons	certain	1973
Carla Skinner	after	2010
Lori Trevino	on	1999
Lindsay Horton	ten	2013
Nancy Ochoa	work	2003
Erika Johnson	financial	2007
Beverly Reid	matter	1978
Daniel Smith	decision	1991
Joseph Hunt	discover	1976
Amanda Franco MD	myself	1993
Kathy Sharp	deal	2011
Andrea King	prove	1974
Eric Hansen	factor	2003
Tyler Ryan	degree	2008
Candice Hoffman	or	2004
Alejandro Garcia	speech	2002
Kenneth Stewart	control	1982
Julie Cobb	professor	1997
Kelly Russo	wrong	1980
Aaron Fisher	middle	2022
Michele Garza	win	2018
Randy Young	test	1989
Jason Hammond	teach	2014
Hannah Crawford	people	1992
David Moses	boy	2021
Danielle Morales	as	1971
Daniel Rogers	opportunity	2003
Jennifer Gray	TV	1983
Jimmy Larsen	candidate	2006
Jeffrey Perez	fall	1986
Chad Forbes	animal	2000
Brandon Chapman	win	1986
Lisa Smith	something	1992
Nicholas Dougherty	sister	2017
Audrey Harmon	total	1991
Calvin Gomez	owner	2013
Joseph Bell	explain	2018
Elizabeth Smith	event	1996
Tammy Anderson	thus	1999
Donna Marks	paper	1992
Lisa Huynh	PM	2003
Julie Berry	gas	2005
Lynn Smith	piece	1988
Christopher Garcia	compare	1980
Amy Ramirez	that	1993
Lisa Lewis	area	2005
Ann Bell	recognize	1991
Heather Carter	place	1988
Kyle Holt	ahead	2019
Gerald Lawrence	tough	1971
Michael Brown	fast	1996
Sarah Ross	opportunity	1991
Kenneth Henry	girl	1997
Michele Brooks	conference	2016
Brandon Sheppard	civil	2008
Joe Johnson	reality	2003
Victor Phillips	note	2014
Mrs. Heidi Green MD	west	1994
Scott White	range	1994
Cody Rubio	real	2017
Rachel Collins	ground	1971
Isaac Simpson	section	2016
Heather Cook	face	1994
Rebecca Taylor	him	2016
Benjamin Ortiz	follow	1970
Jose Aguilar	total	2018
Nathaniel Shea DDS	technology	2018
Hannah Alvarez	federal	1997
Kristen Moore	scientist	1982
Kenneth King	give	1980
Melissa Bailey	green	1985
Adrian Hayes	enter	2020
Jessica Santos	concern	2006
James Kennedy	risk	1990
Patrick Holloway	police	1983
Steven Murphy	radio	2009
Kimberly Livingston	player	2011
Nicole Cook	put	2011
Benjamin Mclean	western	1994
April Clements	cold	1975
Eileen Cooper	house	1987
Kelly Singh	notice	2002
Matthew Wong MD	west	2008
Ashley Lowery	rich	1981
Leah Todd	determine	2013
Lucas Taylor	section	2011
James Anderson	according	1974
Danielle Taylor	ago	1997
Paul Jones	personal	1974
Taylor Hebert	two	1976
Sarah Santana	exist	1979
Hector Ibarra	top	1995
Monica Haynes	throughout	2014
Anthony Carroll	building	1970
Anthony Fisher	small	1989
Rodney Perez	hand	2005
Joshua Hart	free	1999
Tracey Mitchell	professional	1977
Crystal Jones	consider	2005
Larry Ward	pass	1986
Brian Juarez	building	2000
Mandy Carr	send	1993
Kayla Jackson	buy	2001
Noah Grant	street	2015
Bryan Page	anyone	1988
Andrew Hess	half	1980
Leslie Moore	enough	1985
Jonathan Carter	but	1997
Douglas Murillo	college	1997
Lori Simmons	quite	1982
Jonathan Rodriguez	couple	2001
William Adams	stuff	1975
Ricky Murphy	above	2002
Michael Stewart	dark	1977
John Foley	standard	2010
Rachael Montoya	democratic	2020
Patrick Rodriguez	Congress	2004
Jonathan Russell	return	1984
Jennifer Mejia	report	2007
Glenda Allen	one	2012
Beth Hess	practice	1988
Jennifer Taylor	big	2019
Greg Avery	quite	2003
Michael Hammond	help	1982
Allison Ashley	run	1986
Danielle Malone	measure	1981
Nicole Chan	item	1981
Stephen Rowe	every	1995
Melissa Caldwell	where	1993
Peter Smith	member	1996
Evelyn Parker	authority	1987
Luis Hays	share	2002
Angela Bass	trial	2004
Sarah Bowman	picture	2000
Belinda Williams	simply	2015
Joshua Solis	third	1985
Kenneth Fisher	television	2023
Sally Knight	west	2017
Tammy Singh	billion	2021
Jeffrey Bates	attorney	1996
Cheyenne Brewer	watch	2014
Julian Walker	too	1977
Rebecca Eaton	start	2003
Cynthia Stewart	but	2014
Jessica Gomez	ever	1980
Timothy Howell	begin	1971
Michael Hunter	day	2007
Mr. Gregory Rice Jr.	establish	1985
Ronald Carter	address	1976
Keith Brown	hour	1992
Abigail Gilbert	want	1973
Alexander Garcia	business	2019
Brandy Brown	everyone	2003
Heidi Ibarra	south	1983
Patricia Lewis	nature	2023
Jessica Adams	record	1991
Stanley Smith	high	1988
Sarah Richardson	lay	1980
Michael Mayo	prevent	1990
Sydney Rhodes	people	2002
Dale Chapman	own	2001
Mandy Edwards	spend	1982
Brittany Bradford	to	2010
Rhonda Ellis	hotel	1972
Kimberly Foster	stay	1982
Michelle Wells	military	1996
Jeffrey Booker	result	2020
Joseph Ryan	behavior	1999
Gregory Harrison	democratic	1997
Sherri Lynch	over	2002
Sarah Martinez	total	2014
Dana Williams	themselves	1983
Michael Gordon	fill	1991
Michaela Cantrell	her	2009
Michael Ramirez	positive	2005
Ryan Edwards	still	1990
Jessica Stuart	sometimes	1995
Brooke Thomas	plant	1993
George Smith	provide	2000
Brooke Rodriguez	so	2007
Keith Gray	security	2018
John Bates	bad	2019
Kimberly Williams	have	1976
Christie Taylor	agreement	1999
Lydia Potter PhD	look	2020
Jessica Stafford	world	1975
Timothy Warren	health	2012
Rachel Oconnell	appear	1998
Joshua Bruce	artist	1995
Kenneth Gibson	describe	2009
Fernando Byrd	find	1990
Caleb Smith	heart	2006
Eric Wilson	evidence	2005
Jennifer Cole	myself	2009
Mary Ward	remember	1985
Tanya Mcdonald	when	2010
Donald Nelson	material	1975
John Smith	born	2004
Christopher Elliott	south	2006
Miss Jennifer Dominguez	record	2012
Neil Miller	new	2023
Sandra Edwards	your	1984
Dawn White	wide	2006
Craig Gonzalez	tonight	2004
Connor Archer	several	1986
Zachary Pena	national	1990
Melissa Roberts	upon	2002
Angela Torres	drop	1996
Alison Dyer	low	1979
Ashley Salinas	six	1988
Sabrina Quinn	I	1981
Scott Barnes	bad	1982
William Willis	lay	2016
William Sanchez	his	1998
Rachel Lewis	east	2012
Kelly Howard	democratic	2002
James Snyder	prevent	2023
Joshua Mendoza	have	1997
Rebecca Johnson	tonight	2007
Virginia Todd	popular	1973
Debra Nelson	idea	2023
Tracy Jensen	there	2008
Kimberly Martin	chance	1971
Garrett Powers	time	1975
Jenna Ross	chance	2016
Valerie Bradley	computer	2008
Sarah Austin	for	1974
Candace Ramirez	key	1998
Stacy Evans	debate	2000
Christian Ortega	technology	1991
Kevin Davis	medical	2001
Mrs. Deborah Smith	health	1976
Michael Gates	difficult	2021
David Vance	test	1979
Erin Gonzalez	organization	1991
Matthew Ward	join	2006
Shawn Miller	notice	1989
Jose Perez	people	2006
Heather Martinez	wall	1996
Michael Hawkins	strategy	2001
Patricia Brown	open	1975
Kim Villa	administration	1972
Rachel Thompson	would	1971
James Neal	operation	1999
Danielle Duarte	central	1974
Leah Cummings	air	1972
Kayla Griffith	thousand	2003
Gilbert Ortiz	first	2003
John Gordon	majority	1985
Michael Berg	cover	2018
Michael Hardy	despite	2007
Mark Smith	wonder	2003
Shelby Martinez	goal	1970
Donald Hess	air	1983
Benjamin Becker	serve	1975
Yvonne Jones	treatment	2001
Kimberly Bowman	both	2005
Debra Johnson	radio	2011
Brittany Watts	order	1970
Allison Warren	central	1974
Charles Dixon	wife	1991
Isaiah Banks	policy	2002
Sean Chavez	simple	2015
Tina Burns	soon	1975
Shannon Byrd	coach	2019
Kimberly Austin	event	1992
Lee Mcintosh	seem	2003
Timothy James	heart	1972
Chad Nichols	that	1976
Jennifer Taylor	could	2019
Gabriel King	paper	2007
Michael Stevens	group	2011
Shane Martinez	thought	1990
John Flores	star	2007
Leslie Jones	director	2007
Paul Trujillo	beat	2007
Terry Richardson	measure	2017
Brittany Daugherty	run	2014
Jonathan Johnson	word	2015
Patrick Mcclain	type	1982
Amanda Johnson	question	2023
Katie Richardson	stop	1986
Stephanie Figueroa	front	2007
Amanda Curtis	wish	1985
Joel Montoya	him	1979
Michele Merritt	into	1983
Ruth Walton	front	1973
Jamie Shepard	cell	1975
Alisha Powell	arrive	2002
Caroline Crawford	state	2001
Susan Hicks	thought	1999
Jose Lloyd	career	1980
Crystal Ramirez	brother	1979
William Jenkins	pass	2009
Jennifer Mcneil	three	1986
Andrea Ortega	article	1988
Christina Rojas	instead	1998
Tanya Stevenson	trade	1979
Brian Johnson	shake	1986
Alexis Gordon	increase	2003
Aaron Rogers	feel	1979
Benjamin Krause	mouth	2018
Angela Washington	drug	1993
Brenda Brown	of	2017
Natalie Douglas	available	1983
Samantha Vasquez	TV	2014
Joshua Hall	discuss	2000
Yvette Wolf	anyone	2013
John Avery	past	2007
Jordan Johnson	firm	2013
Laura Morris	account	1994
Thomas Carlson	technology	1993
Katherine Lee	under	2004
Nicole Martinez	environment	1993
Brian Decker	either	1997
Diana Russell	boy	1991
Brad Hernandez	west	2011
Sara Coleman	green	2000
Michael Ochoa	recently	1976
